column1,column2,column3
85,0.7636954328744451,C
89,0.6525753659965124,A
8,0.5334696133019788,A
51,0.8964881641787791,B
81,0.8413840437942771,A
27,0.7040563504732698,B
15,0.7403664877827781,C
5,0.5864225601927603,C
66,0.25745690353555195,B
9,0.10458813908707765,B
